add, 100, 101, 102, 103, 104, 105, 106, 107, 108, 109
add, 200, 201, 202, 203, 204, 205, 206, 207, 208, 209
add, 300, 301, 302, 303, 304, 305, 306, 307, 308, 309
add, 400, 401, 402, 403, 404, 405, 406, 407, 408, 409
add,1000,1001,1002,1003,1004,1005,1006,1007,1008,1009
add,1020,1021,1022,1023,1024,1025,1026,1027
add,1030,1031,1032,1033,1034,1035,1036,1037,1038,1039,1040
add,1040,1042,1043,1044,1045,1046,1047,1048,1049,1050
add,1045,1046,1047,1048,1049,1050
delete,200
add,1094,1095,1096,1097,1098,1099,1100

