add, 100, 101, 102, 103
add, 200, 201, 202, 203, 204, 205, 206
add, 300, 301, 302, 303, 304, 305, 306, 307, 308, 309, 310
add, 400, 401, 402, 403, 404, 405, 406, 407, 408, 409, 410, 411, 412, 413, 414, 415, 416
read, 104
read, 206
read, 309
read, 414
delete, 100
delete, 200
delete, 300
delete, 400
add, 100, 101, 102, 103
add, 200, 201, 202, 203, 204, 205, 206
<<<<<<< HEAD
add, 300, 301, 302, 303, 304, 305, 306, 307, 308, 309, 310
add, 400, 401, 402, 403, 404, 405, 406, 407, 408, 409, 410, 411, 412, 413, 414, 415, 416

=======
add, 300, 301, 302, 303, 304, 305, 306, 307, 308, 309
add, 400, 401, 402, 403, 404, 405, 406, 407, 408, 409, 410, 411, 412, 413, 414, 415, 416
>>>>>>> parent of edad63b... Nili
